-- phpMyAdmin SQL Dump
-- version 5.2.1
-- https://www.phpmyadmin.net/
--
-- Host: 127.0.0.1
-- Generation Time: Nov 10, 2024 at 11:29 PM
-- Server version: 10.4.32-MariaDB
-- PHP Version: 8.2.12

SET SQL_MODE = "NO_AUTO_VALUE_ON_ZERO";
START TRANSACTION;
SET time_zone = "+00:00";


/*!40101 SET @OLD_CHARACTER_SET_CLIENT=@@CHARACTER_SET_CLIENT */;
/*!40101 SET @OLD_CHARACTER_SET_RESULTS=@@CHARACTER_SET_RESULTS */;
/*!40101 SET @OLD_COLLATION_CONNECTION=@@COLLATION_CONNECTION */;
/*!40101 SET NAMES utf8mb4 */;

--
-- Database: `leaksense`
--

-- --------------------------------------------------------

--
-- Table structure for table `alert`
--

CREATE TABLE `alert` (
  `alertID` int(11) NOT NULL,
  `deviceID` varchar(11) DEFAULT NULL,
  `readingID` int(11) DEFAULT NULL,
  `email` varchar(100) NOT NULL,
  `gastype` varchar(20) NOT NULL,
  `gaslevel` float NOT NULL,
  `thresholdlevel` int(11) NOT NULL,
  `timestamp` timestamp NOT NULL DEFAULT current_timestamp(),
  `status` tinyint(1) NOT NULL DEFAULT 0
) ENGINE=InnoDB DEFAULT CHARSET=utf8mb4 COLLATE=utf8mb4_general_ci;

--
-- Dumping data for table `alert`
--

INSERT INTO `alert` (`alertID`, `deviceID`, `readingID`, `email`, `gastype`, `gaslevel`, `thresholdlevel`, `timestamp`, `status`) VALUES
(1, 'GS2', 19412, 'admin@example.com', 'smoke', 0.69, 5, '2024-11-10 22:29:06', 1),
(2, 'GS2', 19412, 'user@example.com', 'smoke', 0.69, 5, '2024-11-10 22:29:06', 1),
(3, 'GS2', 19412, 'super_user@example.com', 'smoke', 0.69, 5, '2024-11-10 22:29:06', 1),
(4, 'GS2', 19412, 'super_admin@example.com', 'smoke', 0.69, 5, '2024-11-10 22:29:06', 1),
(5, 'GS2', 19412, 'earl@mail.com', 'smoke', 0.69, 5, '2024-11-10 22:29:06', 1),
(6, 'GS2', 19412, '1earl@mail.com', 'smoke', 0.69, 5, '2024-11-10 22:29:06', 1);

-- --------------------------------------------------------

--
-- Table structure for table `device`
--

CREATE TABLE `device` (
  `deviceID` varchar(11) NOT NULL,
  `userID` int(11) DEFAULT NULL,
  `Devicename` varchar(100) NOT NULL,
  `location` varchar(100) DEFAULT NULL,
  `status` tinyint(1) DEFAULT 0,
  `timestamp` timestamp NOT NULL DEFAULT current_timestamp()
) ENGINE=InnoDB DEFAULT CHARSET=utf8mb4 COLLATE=utf8mb4_general_ci;

--
-- Dumping data for table `device`
--

INSERT INTO `device` (`deviceID`, `userID`, `Devicename`, `location`, `status`, `timestamp`) VALUES
('GS1', 1, 'Gas Sensor 1', 'Living Room', 1, '2024-11-05 21:10:01'),
('GS2', 1, 'Gas Sensor 2', 'Kitchen', 1, '2024-11-05 21:10:01');

-- --------------------------------------------------------

--
-- Table structure for table `sensor_reading`
--

CREATE TABLE `sensor_reading` (
  `readingID` int(11) NOT NULL,
  `deviceID` varchar(11) DEFAULT NULL,
  `ppm` float NOT NULL,
  `smoke_status` tinyint(1) DEFAULT 0,
  `co_status` tinyint(1) DEFAULT 0,
  `lpg_status` tinyint(1) DEFAULT 0,
  `actionby` int(11) DEFAULT NULL,
  `status` tinyint(1) DEFAULT 0,
  `actionbytimestamp` timestamp NULL DEFAULT NULL,
  `timestamp` timestamp NOT NULL DEFAULT current_timestamp(),
  `comment` varchar(255) DEFAULT NULL
) ENGINE=InnoDB DEFAULT CHARSET=utf8mb4 COLLATE=utf8mb4_general_ci;

--
-- Dumping data for table `sensor_reading`
--

INSERT INTO `sensor_reading` (`readingID`, `deviceID`, `ppm`, `smoke_status`, `co_status`, `lpg_status`, `actionby`, `status`, `actionbytimestamp`, `timestamp`, `comment`) VALUES
(19385, 'GS2', 0.67, 0, 0, 0, NULL, 0, NULL, '2024-11-10 22:17:56', NULL),
(19386, 'GS1', 1.48, 0, 0, 0, NULL, 0, NULL, '2024-11-10 22:17:56', NULL),
(19387, 'GS2', 0.68, 0, 0, 0, NULL, 0, NULL, '2024-11-10 22:17:59', NULL),
(19388, 'GS1', 1.46, 0, 0, 0, NULL, 0, NULL, '2024-11-10 22:18:00', NULL),
(19389, 'GS2', 0.68, 0, 0, 0, NULL, 0, NULL, '2024-11-10 22:18:02', NULL),
(19390, 'GS1', 1.48, 0, 0, 0, NULL, 0, NULL, '2024-11-10 22:18:03', NULL),
(19391, 'GS2', 0.67, 0, 0, 0, NULL, 0, NULL, '2024-11-10 22:18:05', NULL),
(19392, 'GS1', 1.47, 0, 0, 0, NULL, 0, NULL, '2024-11-10 22:18:06', NULL),
(19393, 'GS2', 0.67, 0, 0, 0, NULL, 0, NULL, '2024-11-10 22:18:08', NULL),
(19394, 'GS1', 1.47, 0, 0, 0, NULL, 0, NULL, '2024-11-10 22:18:09', NULL),
(19395, 'GS2', 0.69, 0, 0, 0, NULL, 0, NULL, '2024-11-10 22:18:11', NULL),
(19396, 'GS1', 1.48, 0, 0, 0, NULL, 0, NULL, '2024-11-10 22:18:12', NULL),
(19397, 'GS2', 0.68, 0, 0, 0, NULL, 0, NULL, '2024-11-10 22:18:14', NULL),
(19398, 'GS1', 1.48, 0, 0, 0, NULL, 0, NULL, '2024-11-10 22:18:15', NULL),
(19399, 'GS2', 0.68, 0, 0, 0, NULL, 0, NULL, '2024-11-10 22:18:18', NULL),
(19400, 'GS1', 1.46, 0, 0, 0, NULL, 0, NULL, '2024-11-10 22:18:19', NULL),
(19401, 'GS2', 0.68, 0, 0, 0, NULL, 0, NULL, '2024-11-10 22:18:21', NULL),
(19402, 'GS1', 1.48, 0, 0, 0, NULL, 0, NULL, '2024-11-10 22:18:22', NULL),
(19403, 'GS2', 0.68, 0, 0, 0, NULL, 0, NULL, '2024-11-10 22:18:24', NULL),
(19404, 'GS1', 1.47, 0, 0, 0, NULL, 0, NULL, '2024-11-10 22:18:25', NULL),
(19405, 'GS2', 0.69, 0, 0, 0, NULL, 0, NULL, '2024-11-10 22:18:27', NULL),
(19406, 'GS1', 1.47, 0, 0, 0, NULL, 0, NULL, '2024-11-10 22:18:28', NULL),
(19407, 'GS2', 0.69, 0, 0, 0, NULL, 0, NULL, '2024-11-10 22:18:31', NULL),
(19408, 'GS1', 1.45, 0, 0, 0, NULL, 0, NULL, '2024-11-10 22:18:31', NULL),
(19409, 'GS2', 0.68, 0, 0, 0, NULL, 0, NULL, '2024-11-10 22:18:34', NULL),
(19410, 'GS1', 1.45, 0, 0, 0, NULL, 0, NULL, '2024-11-10 22:18:35', NULL),
(19411, 'GS1', 1.48, 0, 0, 0, NULL, 0, NULL, '2024-11-10 22:18:38', NULL),
(19412, 'GS2', 0.69, 1, 0, 0, NULL, 1, NULL, '2024-11-10 22:18:40', NULL),
(19413, 'GS1', 1.46, 0, 0, 0, NULL, 0, NULL, '2024-11-10 22:18:41', NULL),
(19414, 'GS1', 1.47, 0, 0, 0, NULL, 0, NULL, '2024-11-10 22:18:44', NULL),
(19415, 'GS2', 0.7, 0, 0, 0, NULL, 0, NULL, '2024-11-10 22:18:46', NULL),
(19416, 'GS1', 1.48, 0, 0, 0, NULL, 0, NULL, '2024-11-10 22:18:47', NULL),
(19417, 'GS2', 0.7, 0, 0, 0, NULL, 0, NULL, '2024-11-10 22:18:49', NULL),
(19418, 'GS1', 1.47, 0, 0, 0, NULL, 0, NULL, '2024-11-10 22:18:50', NULL),
(19419, 'GS2', 0.7, 0, 0, 0, NULL, 0, NULL, '2024-11-10 22:18:52', NULL),
(19420, 'GS1', 1.47, 0, 0, 0, NULL, 0, NULL, '2024-11-10 22:18:54', NULL),
(19421, 'GS2', 0.69, 0, 0, 0, NULL, 0, NULL, '2024-11-10 22:18:55', NULL),
(19422, 'GS1', 1.45, 0, 0, 0, NULL, 0, NULL, '2024-11-10 22:18:57', NULL),
(19423, 'GS2', 0.69, 0, 0, 0, NULL, 0, NULL, '2024-11-10 22:18:58', NULL),
(19424, 'GS1', 1.46, 0, 0, 0, NULL, 0, NULL, '2024-11-10 22:19:00', NULL),
(19425, 'GS2', 0.68, 0, 0, 0, NULL, 0, NULL, '2024-11-10 22:19:02', NULL),
(19426, 'GS1', 1.47, 0, 0, 0, NULL, 0, NULL, '2024-11-10 22:19:03', NULL),
(19427, 'GS2', 0.69, 0, 0, 0, NULL, 0, NULL, '2024-11-10 22:19:05', NULL),
(19428, 'GS1', 1.47, 0, 0, 0, NULL, 0, NULL, '2024-11-10 22:19:06', NULL),
(19429, 'GS2', 0.69, 0, 0, 0, NULL, 0, NULL, '2024-11-10 22:19:08', NULL),
(19430, 'GS1', 1.46, 0, 0, 0, NULL, 0, NULL, '2024-11-10 22:19:09', NULL),
(19431, 'GS2', 0.67, 0, 0, 0, NULL, 0, NULL, '2024-11-10 22:19:11', NULL),
(19432, 'GS1', 1.47, 0, 0, 0, NULL, 0, NULL, '2024-11-10 22:19:13', NULL),
(19433, 'GS2', 0.68, 0, 0, 0, NULL, 0, NULL, '2024-11-10 22:19:14', NULL),
(19434, 'GS1', 1.45, 0, 0, 0, NULL, 0, NULL, '2024-11-10 22:19:16', NULL),
(19435, 'GS2', 0.69, 0, 0, 0, NULL, 0, NULL, '2024-11-10 22:19:17', NULL),
(19436, 'GS1', 1.47, 0, 0, 0, NULL, 0, NULL, '2024-11-10 22:19:19', NULL),
(19437, 'GS2', 0.68, 0, 0, 0, NULL, 0, NULL, '2024-11-10 22:19:21', NULL),
(19438, 'GS1', 1.46, 0, 0, 0, NULL, 0, NULL, '2024-11-10 22:19:22', NULL),
(19439, 'GS2', 0.69, 0, 0, 0, NULL, 0, NULL, '2024-11-10 22:19:24', NULL),
(19440, 'GS1', 1.44, 0, 0, 0, NULL, 0, NULL, '2024-11-10 22:19:25', NULL),
(19441, 'GS2', 0.68, 0, 0, 0, NULL, 0, NULL, '2024-11-10 22:19:27', NULL),
(19442, 'GS1', 1.44, 0, 0, 0, NULL, 0, NULL, '2024-11-10 22:19:29', NULL),
(19443, 'GS2', 0.68, 0, 0, 0, NULL, 0, NULL, '2024-11-10 22:19:30', NULL),
(19444, 'GS1', 1.46, 0, 0, 0, NULL, 0, NULL, '2024-11-10 22:19:32', NULL),
(19445, 'GS2', 0.68, 0, 0, 0, NULL, 0, NULL, '2024-11-10 22:19:33', NULL),
(19446, 'GS1', 1.46, 0, 0, 0, NULL, 0, NULL, '2024-11-10 22:19:35', NULL),
(19447, 'GS2', 0.67, 0, 0, 0, NULL, 0, NULL, '2024-11-10 22:19:37', NULL),
(19448, 'GS1', 1.45, 0, 0, 0, NULL, 0, NULL, '2024-11-10 22:19:38', NULL),
(19449, 'GS2', 0.67, 0, 0, 0, NULL, 0, NULL, '2024-11-10 22:19:40', NULL),
(19450, 'GS1', 1.45, 0, 0, 0, NULL, 0, NULL, '2024-11-10 22:19:41', NULL),
(19451, 'GS2', 0.67, 0, 0, 0, NULL, 0, NULL, '2024-11-10 22:19:43', NULL),
(19452, 'GS1', 1.44, 0, 0, 0, NULL, 0, NULL, '2024-11-10 22:19:44', NULL),
(19453, 'GS2', 0.67, 0, 0, 0, NULL, 0, NULL, '2024-11-10 22:19:46', NULL),
(19454, 'GS1', 1.42, 0, 0, 0, NULL, 0, NULL, '2024-11-10 22:19:48', NULL),
(19455, 'GS2', 0.68, 0, 0, 0, NULL, 0, NULL, '2024-11-10 22:19:49', NULL),
(19456, 'GS1', 1.46, 0, 0, 0, NULL, 0, NULL, '2024-11-10 22:19:51', NULL),
(19457, 'GS2', 0.68, 0, 0, 0, NULL, 0, NULL, '2024-11-10 22:19:53', NULL),
(19458, 'GS1', 1.46, 0, 0, 0, NULL, 0, NULL, '2024-11-10 22:19:54', NULL),
(19459, 'GS2', 0.67, 0, 0, 0, NULL, 0, NULL, '2024-11-10 22:19:56', NULL),
(19460, 'GS1', 1.46, 0, 0, 0, NULL, 0, NULL, '2024-11-10 22:19:57', NULL),
(19461, 'GS2', 0.67, 0, 0, 0, NULL, 0, NULL, '2024-11-10 22:19:59', NULL),
(19462, 'GS1', 1.45, 0, 0, 0, NULL, 0, NULL, '2024-11-10 22:20:00', NULL),
(19463, 'GS2', 0.68, 0, 0, 0, NULL, 0, NULL, '2024-11-10 22:20:02', NULL),
(19464, 'GS1', 1.46, 0, 0, 0, NULL, 0, NULL, '2024-11-10 22:20:04', NULL),
(19465, 'GS2', 0.67, 0, 0, 0, NULL, 0, NULL, '2024-11-10 22:20:05', NULL),
(19466, 'GS1', 1.46, 0, 0, 0, NULL, 0, NULL, '2024-11-10 22:20:07', NULL),
(19467, 'GS2', 0.68, 0, 0, 0, NULL, 0, NULL, '2024-11-10 22:20:08', NULL),
(19468, 'GS1', 1.45, 0, 0, 0, NULL, 0, NULL, '2024-11-10 22:20:10', NULL),
(19469, 'GS2', 0.66, 0, 0, 0, NULL, 0, NULL, '2024-11-10 22:20:12', NULL),
(19470, 'GS1', 1.44, 0, 0, 0, NULL, 0, NULL, '2024-11-10 22:20:13', NULL),
(19471, 'GS2', 0.69, 0, 0, 0, NULL, 0, NULL, '2024-11-10 22:20:15', NULL),
(19472, 'GS1', 1.43, 0, 0, 0, NULL, 0, NULL, '2024-11-10 22:20:16', NULL),
(19473, 'GS2', 0.69, 0, 0, 0, NULL, 0, NULL, '2024-11-10 22:20:18', NULL),
(19474, 'GS1', 1.45, 0, 0, 0, NULL, 0, NULL, '2024-11-10 22:20:19', NULL),
(19475, 'GS2', 0.69, 0, 0, 0, NULL, 0, NULL, '2024-11-10 22:20:21', NULL),
(19476, 'GS1', 1.44, 0, 0, 0, NULL, 0, NULL, '2024-11-10 22:20:23', NULL),
(19477, 'GS2', 0.68, 0, 0, 0, NULL, 0, NULL, '2024-11-10 22:20:24', NULL),
(19478, 'GS1', 1.45, 0, 0, 0, NULL, 0, NULL, '2024-11-10 22:20:26', NULL),
(19479, 'GS2', 0.68, 0, 0, 0, NULL, 0, NULL, '2024-11-10 22:20:28', NULL),
(19480, 'GS1', 1.45, 0, 0, 0, NULL, 0, NULL, '2024-11-10 22:20:29', NULL),
(19481, 'GS2', 0.69, 0, 0, 0, NULL, 0, NULL, '2024-11-10 22:20:31', NULL),
(19482, 'GS1', 1.43, 0, 0, 0, NULL, 0, NULL, '2024-11-10 22:20:32', NULL),
(19483, 'GS2', 0.68, 0, 0, 0, NULL, 0, NULL, '2024-11-10 22:20:34', NULL),
(19484, 'GS1', 1.45, 0, 0, 0, NULL, 0, NULL, '2024-11-10 22:20:35', NULL),
(19485, 'GS2', 0.69, 0, 0, 0, NULL, 0, NULL, '2024-11-10 22:20:37', NULL),
(19486, 'GS1', 1.44, 0, 0, 0, NULL, 0, NULL, '2024-11-10 22:20:39', NULL),
(19487, 'GS2', 0.67, 0, 0, 0, NULL, 0, NULL, '2024-11-10 22:20:40', NULL),
(19488, 'GS1', 1.45, 0, 0, 0, NULL, 0, NULL, '2024-11-10 22:20:42', NULL),
(19489, 'GS2', 0.67, 0, 0, 0, NULL, 0, NULL, '2024-11-10 22:20:44', NULL),
(19490, 'GS1', 1.44, 0, 0, 0, NULL, 0, NULL, '2024-11-10 22:20:45', NULL),
(19491, 'GS2', 0.68, 0, 0, 0, NULL, 0, NULL, '2024-11-10 22:20:47', NULL),
(19492, 'GS1', 1.43, 0, 0, 0, NULL, 0, NULL, '2024-11-10 22:20:48', NULL),
(19493, 'GS2', 0.68, 0, 0, 0, NULL, 0, NULL, '2024-11-10 22:20:50', NULL),
(19494, 'GS1', 1.45, 0, 0, 0, NULL, 0, NULL, '2024-11-10 22:20:51', NULL),
(19495, 'GS2', 0.67, 0, 0, 0, NULL, 0, NULL, '2024-11-10 22:20:53', NULL),
(19496, 'GS1', 1.45, 0, 0, 0, NULL, 0, NULL, '2024-11-10 22:20:54', NULL),
(19497, 'GS2', 0.67, 0, 0, 0, NULL, 0, NULL, '2024-11-10 22:20:56', NULL),
(19498, 'GS1', 1.43, 0, 0, 0, NULL, 0, NULL, '2024-11-10 22:20:58', NULL),
(19499, 'GS2', 0.67, 0, 0, 0, NULL, 0, NULL, '2024-11-10 22:20:59', NULL),
(19500, 'GS1', 1.45, 0, 0, 0, NULL, 0, NULL, '2024-11-10 22:21:01', NULL),
(19501, 'GS2', 0.67, 0, 0, 0, NULL, 0, NULL, '2024-11-10 22:21:03', NULL),
(19502, 'GS1', 1.44, 0, 0, 0, NULL, 0, NULL, '2024-11-10 22:21:04', NULL),
(19503, 'GS2', 0.67, 0, 0, 0, NULL, 0, NULL, '2024-11-10 22:21:06', NULL),
(19504, 'GS1', 1.43, 0, 0, 0, NULL, 0, NULL, '2024-11-10 22:21:07', NULL),
(19505, 'GS2', 0.67, 0, 0, 0, NULL, 0, NULL, '2024-11-10 22:21:09', NULL),
(19506, 'GS1', 1.45, 0, 0, 0, NULL, 0, NULL, '2024-11-10 22:21:10', NULL),
(19507, 'GS2', 0.68, 0, 0, 0, NULL, 0, NULL, '2024-11-10 22:21:12', NULL),
(19508, 'GS1', 1.45, 0, 0, 0, NULL, 0, NULL, '2024-11-10 22:21:14', NULL),
(19509, 'GS2', 0.68, 0, 0, 0, NULL, 0, NULL, '2024-11-10 22:21:15', NULL),
(19510, 'GS1', 1.44, 0, 0, 0, NULL, 0, NULL, '2024-11-10 22:21:17', NULL),
(19511, 'GS1', 1.43, 0, 0, 0, NULL, 0, NULL, '2024-11-10 22:21:20', NULL),
(19512, 'GS2', 0.68, 0, 0, 0, NULL, 0, NULL, '2024-11-10 22:21:21', NULL),
(19513, 'GS1', 1.44, 0, 0, 0, NULL, 0, NULL, '2024-11-10 22:21:23', NULL),
(19514, 'GS2', 0.66, 0, 0, 0, NULL, 0, NULL, '2024-11-10 22:21:25', NULL),
(19515, 'GS1', 1.45, 0, 0, 0, NULL, 0, NULL, '2024-11-10 22:21:26', NULL),
(19516, 'GS2', 0.68, 0, 0, 0, NULL, 0, NULL, '2024-11-10 22:21:28', NULL),
(19517, 'GS1', 1.42, 0, 0, 0, NULL, 0, NULL, '2024-11-10 22:21:29', NULL),
(19518, 'GS2', 0.67, 0, 0, 0, NULL, 0, NULL, '2024-11-10 22:21:31', NULL),
(19519, 'GS1', 1.42, 0, 0, 0, NULL, 0, NULL, '2024-11-10 22:21:33', NULL),
(19520, 'GS2', 0.68, 0, 0, 0, NULL, 0, NULL, '2024-11-10 22:21:34', NULL),
(19521, 'GS1', 1.42, 0, 0, 0, NULL, 0, NULL, '2024-11-10 22:21:36', NULL),
(19522, 'GS2', 0.68, 0, 0, 0, NULL, 0, NULL, '2024-11-10 22:21:37', NULL),
(19523, 'GS1', 1.44, 0, 0, 0, NULL, 0, NULL, '2024-11-10 22:21:39', NULL),
(19524, 'GS2', 0.67, 0, 0, 0, NULL, 0, NULL, '2024-11-10 22:21:40', NULL),
(19525, 'GS1', 1.42, 0, 0, 0, NULL, 0, NULL, '2024-11-10 22:21:42', NULL),
(19526, 'GS2', 0.67, 0, 0, 0, NULL, 0, NULL, '2024-11-10 22:21:44', NULL),
(19527, 'GS1', 1.43, 0, 0, 0, NULL, 0, NULL, '2024-11-10 22:21:45', NULL),
(19528, 'GS2', 0.67, 0, 0, 0, NULL, 0, NULL, '2024-11-10 22:21:47', NULL),
(19529, 'GS1', 1.43, 0, 0, 0, NULL, 0, NULL, '2024-11-10 22:21:48', NULL),
(19530, 'GS2', 0.67, 0, 0, 0, NULL, 0, NULL, '2024-11-10 22:21:50', NULL),
(19531, 'GS1', 1.43, 0, 0, 0, NULL, 0, NULL, '2024-11-10 22:21:52', NULL),
(19532, 'GS2', 0.67, 0, 0, 0, NULL, 0, NULL, '2024-11-10 22:21:53', NULL),
(19533, 'GS1', 1.42, 0, 0, 0, NULL, 0, NULL, '2024-11-10 22:21:55', NULL),
(19534, 'GS2', 0.67, 0, 0, 0, NULL, 0, NULL, '2024-11-10 22:21:56', NULL),
(19535, 'GS1', 1.42, 0, 0, 0, NULL, 0, NULL, '2024-11-10 22:21:58', NULL),
(19536, 'GS2', 0.67, 0, 0, 0, NULL, 0, NULL, '2024-11-10 22:21:59', NULL),
(19537, 'GS1', 1.44, 0, 0, 0, NULL, 0, NULL, '2024-11-10 22:22:01', NULL),
(19538, 'GS2', 0.68, 0, 0, 0, NULL, 0, NULL, '2024-11-10 22:22:03', NULL),
(19539, 'GS1', 1.43, 0, 0, 0, NULL, 0, NULL, '2024-11-10 22:22:04', NULL),
(19540, 'GS2', 0.67, 0, 0, 0, NULL, 0, NULL, '2024-11-10 22:22:06', NULL),
(19541, 'GS1', 1.42, 0, 0, 0, NULL, 0, NULL, '2024-11-10 22:22:08', NULL),
(19542, 'GS2', 0.66, 0, 0, 0, NULL, 0, NULL, '2024-11-10 22:22:09', NULL),
(19543, 'GS1', 1.42, 0, 0, 0, NULL, 0, NULL, '2024-11-10 22:22:11', NULL),
(19544, 'GS2', 0.67, 0, 0, 0, NULL, 0, NULL, '2024-11-10 22:22:12', NULL),
(19545, 'GS1', 1.43, 0, 0, 0, NULL, 0, NULL, '2024-11-10 22:22:14', NULL),
(19546, 'GS2', 0.67, 0, 0, 0, NULL, 0, NULL, '2024-11-10 22:22:15', NULL),
(19547, 'GS1', 1.44, 0, 0, 0, NULL, 0, NULL, '2024-11-10 22:22:17', NULL),
(19548, 'GS2', 0.67, 0, 0, 0, NULL, 0, NULL, '2024-11-10 22:22:19', NULL),
(19549, 'GS1', 1.43, 0, 0, 0, NULL, 0, NULL, '2024-11-10 22:22:20', NULL),
(19550, 'GS2', 0.67, 0, 0, 0, NULL, 0, NULL, '2024-11-10 22:22:22', NULL),
(19551, 'GS1', 1.41, 0, 0, 0, NULL, 0, NULL, '2024-11-10 22:22:23', NULL),
(19552, 'GS2', 0.67, 0, 0, 0, NULL, 0, NULL, '2024-11-10 22:22:25', NULL),
(19553, 'GS2', 0.67, 0, 0, 0, NULL, 0, NULL, '2024-11-10 22:22:28', NULL),
(19554, 'GS1', 1.44, 0, 0, 0, NULL, 0, NULL, '2024-11-10 22:22:28', NULL),
(19555, 'GS2', 0.68, 0, 0, 0, NULL, 0, NULL, '2024-11-10 22:22:31', NULL),
(19556, 'GS1', 1.41, 0, 0, 0, NULL, 0, NULL, '2024-11-10 22:22:31', NULL),
(19557, 'GS2', 0.67, 0, 0, 0, NULL, 0, NULL, '2024-11-10 22:22:34', NULL),
(19558, 'GS1', 1.44, 0, 0, 0, NULL, 0, NULL, '2024-11-10 22:22:37', NULL),
(19559, 'GS2', 0.67, 0, 0, 0, NULL, 0, NULL, '2024-11-10 22:22:38', NULL),
(19560, 'GS1', 1.43, 0, 0, 0, NULL, 0, NULL, '2024-11-10 22:22:40', NULL),
(19561, 'GS2', 0.67, 0, 0, 0, NULL, 0, NULL, '2024-11-10 22:22:41', NULL),
(19562, 'GS1', 1.43, 0, 0, 0, NULL, 0, NULL, '2024-11-10 22:22:44', NULL),
(19563, 'GS2', 0.67, 0, 0, 0, NULL, 0, NULL, '2024-11-10 22:22:44', NULL),
(19564, 'GS1', 1.42, 0, 0, 0, NULL, 0, NULL, '2024-11-10 22:22:47', NULL),
(19565, 'GS2', 0.67, 0, 0, 0, NULL, 0, NULL, '2024-11-10 22:22:47', NULL),
(19566, 'GS1', 1.43, 0, 0, 0, NULL, 0, NULL, '2024-11-10 22:22:50', NULL),
(19567, 'GS2', 0.67, 0, 0, 0, NULL, 0, NULL, '2024-11-10 22:22:50', NULL),
(19568, 'GS1', 1.42, 0, 0, 0, NULL, 0, NULL, '2024-11-10 22:22:53', NULL),
(19569, 'GS2', 0.68, 0, 0, 0, NULL, 0, NULL, '2024-11-10 22:22:53', NULL),
(19570, 'GS1', 1.4, 0, 0, 0, NULL, 0, NULL, '2024-11-10 22:22:56', NULL),
(19571, 'GS2', 0.67, 0, 0, 0, NULL, 0, NULL, '2024-11-10 22:22:57', NULL),
(19572, 'GS1', 1.42, 0, 0, 0, NULL, 0, NULL, '2024-11-10 22:22:59', NULL),
(19573, 'GS2', 0.66, 0, 0, 0, NULL, 0, NULL, '2024-11-10 22:23:00', NULL),
(19574, 'GS1', 1.42, 0, 0, 0, NULL, 0, NULL, '2024-11-10 22:23:03', NULL),
(19575, 'GS2', 0.67, 0, 0, 0, NULL, 0, NULL, '2024-11-10 22:23:03', NULL),
(19576, 'GS1', 1.43, 0, 0, 0, NULL, 0, NULL, '2024-11-10 22:23:06', NULL),
(19577, 'GS2', 0.68, 0, 0, 0, NULL, 0, NULL, '2024-11-10 22:23:06', NULL),
(19578, 'GS1', 1.43, 0, 0, 0, NULL, 0, NULL, '2024-11-10 22:23:09', NULL),
(19579, 'GS2', 0.67, 0, 0, 0, NULL, 0, NULL, '2024-11-10 22:23:09', NULL),
(19580, 'GS1', 1.43, 0, 0, 0, NULL, 0, NULL, '2024-11-10 22:23:12', NULL),
(19581, 'GS2', 0.67, 0, 0, 0, NULL, 0, NULL, '2024-11-10 22:23:12', NULL),
(19582, 'GS1', 1.41, 0, 0, 0, NULL, 0, NULL, '2024-11-10 22:23:15', NULL),
(19583, 'GS2', 0.67, 0, 0, 0, NULL, 0, NULL, '2024-11-10 22:23:15', NULL),
(19584, 'GS1', 1.42, 0, 0, 0, NULL, 0, NULL, '2024-11-10 22:23:19', NULL),
(19585, 'GS2', 0.67, 0, 0, 0, NULL, 0, NULL, '2024-11-10 22:23:19', NULL),
(19586, 'GS1', 1.42, 0, 0, 0, NULL, 0, NULL, '2024-11-10 22:23:22', NULL),
(19587, 'GS2', 0.68, 0, 0, 0, NULL, 0, NULL, '2024-11-10 22:23:22', NULL),
(19588, 'GS1', 1.42, 0, 0, 0, NULL, 0, NULL, '2024-11-10 22:23:25', NULL),
(19589, 'GS2', 0.67, 0, 0, 0, NULL, 0, NULL, '2024-11-10 22:23:25', NULL),
(19590, 'GS1', 1.42, 0, 0, 0, NULL, 0, NULL, '2024-11-10 22:23:28', NULL),
(19591, 'GS2', 0.67, 0, 0, 0, NULL, 0, NULL, '2024-11-10 22:23:28', NULL),
(19592, 'GS1', 1.43, 0, 0, 0, NULL, 0, NULL, '2024-11-10 22:23:31', NULL),
(19593, 'GS2', 0.67, 0, 0, 0, NULL, 0, NULL, '2024-11-10 22:23:31', NULL),
(19594, 'GS1', 1.43, 0, 0, 0, NULL, 0, NULL, '2024-11-10 22:23:34', NULL),
(19595, 'GS2', 0.67, 0, 0, 0, NULL, 0, NULL, '2024-11-10 22:23:34', NULL),
(19596, 'GS1', 1.42, 0, 0, 0, NULL, 0, NULL, '2024-11-10 22:23:38', NULL),
(19597, 'GS2', 0.67, 0, 0, 0, NULL, 0, NULL, '2024-11-10 22:23:38', NULL),
(19598, 'GS1', 1.42, 0, 0, 0, NULL, 0, NULL, '2024-11-10 22:23:41', NULL),
(19599, 'GS2', 0.67, 0, 0, 0, NULL, 0, NULL, '2024-11-10 22:23:41', NULL),
(19600, 'GS1', 1.41, 0, 0, 0, NULL, 0, NULL, '2024-11-10 22:23:44', NULL),
(19601, 'GS2', 0.66, 0, 0, 0, NULL, 0, NULL, '2024-11-10 22:23:44', NULL),
(19602, 'GS1', 1.42, 0, 0, 0, NULL, 0, NULL, '2024-11-10 22:23:47', NULL),
(19603, 'GS2', 0.67, 0, 0, 0, NULL, 0, NULL, '2024-11-10 22:23:47', NULL),
(19604, 'GS1', 1.4, 0, 0, 0, NULL, 0, NULL, '2024-11-10 22:23:50', NULL),
(19605, 'GS2', 0.67, 0, 0, 0, NULL, 0, NULL, '2024-11-10 22:23:50', NULL),
(19606, 'GS1', 1.4, 0, 0, 0, NULL, 0, NULL, '2024-11-10 22:23:54', NULL),
(19607, 'GS2', 0.67, 0, 0, 0, NULL, 0, NULL, '2024-11-10 22:23:54', NULL),
(19608, 'GS1', 1.39, 0, 0, 0, NULL, 0, NULL, '2024-11-10 22:23:57', NULL),
(19609, 'GS2', 0.68, 0, 0, 0, NULL, 0, NULL, '2024-11-10 22:23:57', NULL),
(19610, 'GS1', 1.41, 0, 0, 0, NULL, 0, NULL, '2024-11-10 22:24:00', NULL),
(19611, 'GS2', 0.67, 0, 0, 0, NULL, 0, NULL, '2024-11-10 22:24:00', NULL),
(19612, 'GS1', 1.41, 0, 0, 0, NULL, 0, NULL, '2024-11-10 22:24:03', NULL),
(19613, 'GS2', 0.67, 0, 0, 0, NULL, 0, NULL, '2024-11-10 22:24:03', NULL),
(19614, 'GS1', 1.41, 0, 0, 0, NULL, 0, NULL, '2024-11-10 22:24:06', NULL),
(19615, 'GS2', 0.67, 0, 0, 0, NULL, 0, NULL, '2024-11-10 22:24:06', NULL),
(19616, 'GS1', 1.42, 0, 0, 0, NULL, 0, NULL, '2024-11-10 22:24:09', NULL),
(19617, 'GS2', 0.68, 0, 0, 0, NULL, 0, NULL, '2024-11-10 22:24:10', NULL),
(19618, 'GS1', 1.4, 0, 0, 0, NULL, 0, NULL, '2024-11-10 22:24:13', NULL),
(19619, 'GS2', 0.68, 0, 0, 0, NULL, 0, NULL, '2024-11-10 22:24:13', NULL),
(19620, 'GS1', 1.41, 0, 0, 0, NULL, 0, NULL, '2024-11-10 22:24:16', NULL),
(19621, 'GS2', 0.67, 0, 0, 0, NULL, 0, NULL, '2024-11-10 22:24:16', NULL),
(19622, 'GS2', 0.68, 0, 0, 0, NULL, 0, NULL, '2024-11-10 22:24:19', NULL),
(19623, 'GS1', 1.41, 0, 0, 0, NULL, 0, NULL, '2024-11-10 22:24:22', NULL),
(19624, 'GS2', 0.67, 0, 0, 0, NULL, 0, NULL, '2024-11-10 22:24:22', NULL),
(19625, 'GS1', 1.4, 0, 0, 0, NULL, 0, NULL, '2024-11-10 22:24:25', NULL),
(19626, 'GS2', 0.68, 0, 0, 0, NULL, 0, NULL, '2024-11-10 22:24:25', NULL),
(19627, 'GS1', 1.4, 0, 0, 0, NULL, 0, NULL, '2024-11-10 22:24:28', NULL),
(19628, 'GS2', 0.67, 0, 0, 0, NULL, 0, NULL, '2024-11-10 22:24:28', NULL),
(19629, 'GS1', 1.39, 0, 0, 0, NULL, 0, NULL, '2024-11-10 22:24:31', NULL),
(19630, 'GS2', 0.68, 0, 0, 0, NULL, 0, NULL, '2024-11-10 22:24:32', NULL),
(19631, 'GS1', 1.41, 0, 0, 0, NULL, 0, NULL, '2024-11-10 22:24:34', NULL),
(19632, 'GS2', 0.67, 0, 0, 0, NULL, 0, NULL, '2024-11-10 22:24:35', NULL),
(19633, 'GS1', 1.38, 0, 0, 0, NULL, 0, NULL, '2024-11-10 22:24:38', NULL),
(19634, 'GS2', 0.67, 0, 0, 0, NULL, 0, NULL, '2024-11-10 22:24:38', NULL),
(19635, 'GS1', 1.41, 0, 0, 0, NULL, 0, NULL, '2024-11-10 22:24:41', NULL),
(19636, 'GS2', 0.67, 0, 0, 0, NULL, 0, NULL, '2024-11-10 22:24:41', NULL),
(19637, 'GS1', 1.39, 0, 0, 0, NULL, 0, NULL, '2024-11-10 22:24:44', NULL),
(19638, 'GS2', 0.67, 0, 0, 0, NULL, 0, NULL, '2024-11-10 22:24:44', NULL),
(19639, 'GS1', 1.4, 0, 0, 0, NULL, 0, NULL, '2024-11-10 22:24:47', NULL),
(19640, 'GS2', 0.67, 0, 0, 0, NULL, 0, NULL, '2024-11-10 22:24:47', NULL),
(19641, 'GS1', 1.42, 0, 0, 0, NULL, 0, NULL, '2024-11-10 22:24:50', NULL),
(19642, 'GS2', 0.67, 0, 0, 0, NULL, 0, NULL, '2024-11-10 22:24:51', NULL),
(19643, 'GS1', 1.4, 0, 0, 0, NULL, 0, NULL, '2024-11-10 22:24:53', NULL),
(19644, 'GS2', 0.67, 0, 0, 0, NULL, 0, NULL, '2024-11-10 22:24:54', NULL),
(19645, 'GS1', 1.41, 0, 0, 0, NULL, 0, NULL, '2024-11-10 22:24:57', NULL),
(19646, 'GS2', 0.67, 0, 0, 0, NULL, 0, NULL, '2024-11-10 22:24:57', NULL),
(19647, 'GS1', 1.42, 0, 0, 0, NULL, 0, NULL, '2024-11-10 22:25:00', NULL),
(19648, 'GS2', 0.68, 0, 0, 0, NULL, 0, NULL, '2024-11-10 22:25:00', NULL),
(19649, 'GS1', 1.42, 0, 0, 0, NULL, 0, NULL, '2024-11-10 22:25:03', NULL),
(19650, 'GS2', 0.67, 0, 0, 0, NULL, 0, NULL, '2024-11-10 22:25:03', NULL),
(19651, 'GS1', 1.41, 0, 0, 0, NULL, 0, NULL, '2024-11-10 22:25:06', NULL),
(19652, 'GS2', 0.66, 0, 0, 0, NULL, 0, NULL, '2024-11-10 22:25:07', NULL),
(19653, 'GS1', 1.41, 0, 0, 0, NULL, 0, NULL, '2024-11-10 22:25:09', NULL),
(19654, 'GS2', 0.67, 0, 0, 0, NULL, 0, NULL, '2024-11-10 22:25:10', NULL),
(19655, 'GS1', 1.4, 0, 0, 0, NULL, 0, NULL, '2024-11-10 22:25:12', NULL),
(19656, 'GS2', 0.67, 0, 0, 0, NULL, 0, NULL, '2024-11-10 22:25:13', NULL),
(19657, 'GS1', 1.4, 0, 0, 0, NULL, 0, NULL, '2024-11-10 22:25:16', NULL),
(19658, 'GS2', 0.67, 0, 0, 0, NULL, 0, NULL, '2024-11-10 22:25:16', NULL),
(19659, 'GS1', 1.42, 0, 0, 0, NULL, 0, NULL, '2024-11-10 22:25:19', NULL),
(19660, 'GS2', 0.67, 0, 0, 0, NULL, 0, NULL, '2024-11-10 22:25:19', NULL),
(19661, 'GS1', 1.39, 0, 0, 0, NULL, 0, NULL, '2024-11-10 22:25:22', NULL),
(19662, 'GS2', 0.67, 0, 0, 0, NULL, 0, NULL, '2024-11-10 22:25:23', NULL),
(19663, 'GS1', 1.4, 0, 0, 0, NULL, 0, NULL, '2024-11-10 22:25:25', NULL),
(19664, 'GS2', 0.67, 0, 0, 0, NULL, 0, NULL, '2024-11-10 22:25:26', NULL),
(19665, 'GS1', 1.4, 0, 0, 0, NULL, 0, NULL, '2024-11-10 22:25:28', NULL),
(19666, 'GS2', 0.67, 0, 0, 0, NULL, 0, NULL, '2024-11-10 22:25:29', NULL),
(19667, 'GS1', 1.39, 0, 0, 0, NULL, 0, NULL, '2024-11-10 22:25:31', NULL),
(19668, 'GS2', 0.67, 0, 0, 0, NULL, 0, NULL, '2024-11-10 22:25:32', NULL),
(19669, 'GS1', 1.39, 0, 0, 0, NULL, 0, NULL, '2024-11-10 22:25:35', NULL),
(19670, 'GS2', 0.68, 0, 0, 0, NULL, 0, NULL, '2024-11-10 22:25:35', NULL),
(19671, 'GS1', 1.38, 0, 0, 0, NULL, 0, NULL, '2024-11-10 22:25:38', NULL),
(19672, 'GS2', 0.67, 0, 0, 0, NULL, 0, NULL, '2024-11-10 22:25:38', NULL),
(19673, 'GS1', 1.39, 0, 0, 0, NULL, 0, NULL, '2024-11-10 22:25:41', NULL),
(19674, 'GS2', 0.67, 0, 0, 0, NULL, 0, NULL, '2024-11-10 22:25:41', NULL),
(19675, 'GS1', 1.4, 0, 0, 0, NULL, 0, NULL, '2024-11-10 22:25:44', NULL),
(19676, 'GS2', 0.67, 0, 0, 0, NULL, 0, NULL, '2024-11-10 22:25:45', NULL),
(19677, 'GS1', 1.39, 0, 0, 0, NULL, 0, NULL, '2024-11-10 22:25:47', NULL),
(19678, 'GS2', 0.67, 0, 0, 0, NULL, 0, NULL, '2024-11-10 22:25:48', NULL),
(19679, 'GS1', 1.41, 0, 0, 0, NULL, 0, NULL, '2024-11-10 22:25:50', NULL),
(19680, 'GS2', 0.67, 0, 0, 0, NULL, 0, NULL, '2024-11-10 22:25:51', NULL),
(19681, 'GS1', 1.39, 0, 0, 0, NULL, 0, NULL, '2024-11-10 22:25:54', NULL),
(19682, 'GS2', 0.67, 0, 0, 0, NULL, 0, NULL, '2024-11-10 22:25:54', NULL),
(19683, 'GS1', 1.4, 0, 0, 0, NULL, 0, NULL, '2024-11-10 22:25:57', NULL),
(19684, 'GS2', 0.67, 0, 0, 0, NULL, 0, NULL, '2024-11-10 22:25:57', NULL),
(19685, 'GS1', 1.38, 0, 0, 0, NULL, 0, NULL, '2024-11-10 22:26:00', NULL),
(19686, 'GS2', 0.67, 0, 0, 0, NULL, 0, NULL, '2024-11-10 22:26:00', NULL),
(19687, 'GS1', 1.39, 0, 0, 0, NULL, 0, NULL, '2024-11-10 22:26:03', NULL),
(19688, 'GS2', 0.67, 0, 0, 0, NULL, 0, NULL, '2024-11-10 22:26:04', NULL),
(19689, 'GS1', 1.4, 0, 0, 0, NULL, 0, NULL, '2024-11-10 22:26:06', NULL),
(19690, 'GS2', 0.67, 0, 0, 0, NULL, 0, NULL, '2024-11-10 22:26:07', NULL),
(19691, 'GS1', 1.4, 0, 0, 0, NULL, 0, NULL, '2024-11-10 22:26:09', NULL),
(19692, 'GS2', 0.67, 0, 0, 0, NULL, 0, NULL, '2024-11-10 22:26:10', NULL),
(19693, 'GS1', 1.4, 0, 0, 0, NULL, 0, NULL, '2024-11-10 22:26:13', NULL),
(19694, 'GS2', 0.68, 0, 0, 0, NULL, 0, NULL, '2024-11-10 22:26:13', NULL),
(19695, 'GS1', 1.41, 0, 0, 0, NULL, 0, NULL, '2024-11-10 22:26:16', NULL),
(19696, 'GS2', 0.67, 0, 0, 0, NULL, 0, NULL, '2024-11-10 22:26:16', NULL),
(19697, 'GS1', 1.39, 0, 0, 0, NULL, 0, NULL, '2024-11-10 22:26:19', NULL),
(19698, 'GS2', 0.67, 0, 0, 0, NULL, 0, NULL, '2024-11-10 22:26:19', NULL),
(19699, 'GS1', 1.39, 0, 0, 0, NULL, 0, NULL, '2024-11-10 22:26:22', NULL),
(19700, 'GS2', 0.67, 0, 0, 0, NULL, 0, NULL, '2024-11-10 22:26:23', NULL),
(19701, 'GS1', 1.38, 0, 0, 0, NULL, 0, NULL, '2024-11-10 22:26:25', NULL),
(19702, 'GS2', 0.68, 0, 0, 0, NULL, 0, NULL, '2024-11-10 22:26:26', NULL),
(19703, 'GS1', 1.4, 0, 0, 0, NULL, 0, NULL, '2024-11-10 22:26:29', NULL),
(19704, 'GS2', 0.66, 0, 0, 0, NULL, 0, NULL, '2024-11-10 22:26:29', NULL),
(19705, 'GS1', 1.39, 0, 0, 0, NULL, 0, NULL, '2024-11-10 22:26:32', NULL),
(19706, 'GS2', 0.67, 0, 0, 0, NULL, 0, NULL, '2024-11-10 22:26:32', NULL),
(19707, 'GS1', 1.38, 0, 0, 0, NULL, 0, NULL, '2024-11-10 22:26:35', NULL),
(19708, 'GS2', 0.67, 0, 0, 0, NULL, 0, NULL, '2024-11-10 22:26:35', NULL),
(19709, 'GS1', 1.39, 0, 0, 0, NULL, 0, NULL, '2024-11-10 22:26:38', NULL),
(19710, 'GS2', 0.67, 0, 0, 0, NULL, 0, NULL, '2024-11-10 22:26:38', NULL),
(19711, 'GS1', 1.4, 0, 0, 0, NULL, 0, NULL, '2024-11-10 22:26:41', NULL),
(19712, 'GS2', 0.67, 0, 0, 0, NULL, 0, NULL, '2024-11-10 22:26:42', NULL),
(19713, 'GS1', 1.4, 0, 0, 0, NULL, 0, NULL, '2024-11-10 22:26:44', NULL),
(19714, 'GS2', 0.68, 0, 0, 0, NULL, 0, NULL, '2024-11-10 22:26:45', NULL),
(19715, 'GS2', 0.67, 0, 0, 0, NULL, 0, NULL, '2024-11-10 22:26:48', NULL),
(19716, 'GS1', 1.39, 0, 0, 0, NULL, 0, NULL, '2024-11-10 22:26:50', NULL),
(19717, 'GS2', 0.67, 0, 0, 0, NULL, 0, NULL, '2024-11-10 22:26:51', NULL),
(19718, 'GS1', 1.4, 0, 0, 0, NULL, 0, NULL, '2024-11-10 22:26:53', NULL),
(19719, 'GS2', 0.67, 0, 0, 0, NULL, 0, NULL, '2024-11-10 22:26:54', NULL),
(19720, 'GS1', 1.36, 0, 0, 0, NULL, 0, NULL, '2024-11-10 22:26:57', NULL),
(19721, 'GS2', 0.67, 0, 0, 0, NULL, 0, NULL, '2024-11-10 22:26:57', NULL),
(19722, 'GS1', 1.39, 0, 0, 0, NULL, 0, NULL, '2024-11-10 22:27:00', NULL),
(19723, 'GS2', 0.67, 0, 0, 0, NULL, 0, NULL, '2024-11-10 22:27:00', NULL),
(19724, 'GS1', 1.38, 0, 0, 0, NULL, 0, NULL, '2024-11-10 22:27:03', NULL),
(19725, 'GS2', 0.68, 0, 0, 0, NULL, 0, NULL, '2024-11-10 22:27:04', NULL),
(19726, 'GS1', 1.38, 0, 0, 0, NULL, 0, NULL, '2024-11-10 22:27:06', NULL),
(19727, 'GS2', 0.67, 0, 0, 0, NULL, 0, NULL, '2024-11-10 22:27:07', NULL),
(19728, 'GS1', 1.4, 0, 0, 0, NULL, 0, NULL, '2024-11-10 22:27:09', NULL),
(19729, 'GS2', 0.68, 0, 0, 0, NULL, 0, NULL, '2024-11-10 22:27:10', NULL),
(19730, 'GS1', 1.38, 0, 0, 0, NULL, 0, NULL, '2024-11-10 22:27:13', NULL),
(19731, 'GS2', 0.67, 0, 0, 0, NULL, 0, NULL, '2024-11-10 22:27:13', NULL),
(19732, 'GS1', 1.38, 0, 0, 0, NULL, 0, NULL, '2024-11-10 22:27:16', NULL),
(19733, 'GS2', 0.67, 0, 0, 0, NULL, 0, NULL, '2024-11-10 22:27:16', NULL),
(19734, 'GS1', 1.38, 0, 0, 0, NULL, 0, NULL, '2024-11-10 22:27:19', NULL),
(19735, 'GS2', 0.67, 0, 0, 0, NULL, 0, NULL, '2024-11-10 22:27:20', NULL),
(19736, 'GS1', 1.39, 0, 0, 0, NULL, 0, NULL, '2024-11-10 22:27:22', NULL),
(19737, 'GS2', 0.67, 0, 0, 0, NULL, 0, NULL, '2024-11-10 22:27:23', NULL),
(19738, 'GS1', 1.39, 0, 0, 0, NULL, 0, NULL, '2024-11-10 22:27:25', NULL),
(19739, 'GS2', 0.67, 0, 0, 0, NULL, 0, NULL, '2024-11-10 22:27:26', NULL),
(19740, 'GS1', 1.38, 0, 0, 0, NULL, 0, NULL, '2024-11-10 22:27:29', NULL),
(19741, 'GS2', 0.68, 0, 0, 0, NULL, 0, NULL, '2024-11-10 22:27:29', NULL),
(19742, 'GS1', 1.38, 0, 0, 0, NULL, 0, NULL, '2024-11-10 22:27:32', NULL),
(19743, 'GS2', 0.68, 0, 0, 0, NULL, 0, NULL, '2024-11-10 22:27:32', NULL),
(19744, 'GS1', 1.39, 0, 0, 0, NULL, 0, NULL, '2024-11-10 22:27:35', NULL),
(19745, 'GS2', 0.67, 0, 0, 0, NULL, 0, NULL, '2024-11-10 22:27:35', NULL),
(19746, 'GS1', 1.39, 0, 0, 0, NULL, 0, NULL, '2024-11-10 22:27:38', NULL),
(19747, 'GS2', 0.67, 0, 0, 0, NULL, 0, NULL, '2024-11-10 22:27:39', NULL),
(19748, 'GS1', 1.38, 0, 0, 0, NULL, 0, NULL, '2024-11-10 22:27:41', NULL),
(19749, 'GS2', 0.67, 0, 0, 0, NULL, 0, NULL, '2024-11-10 22:27:42', NULL),
(19750, 'GS1', 1.38, 0, 0, 0, NULL, 0, NULL, '2024-11-10 22:27:44', NULL),
(19751, 'GS2', 0.67, 0, 0, 0, NULL, 0, NULL, '2024-11-10 22:27:45', NULL),
(19752, 'GS1', 1.38, 0, 0, 0, NULL, 0, NULL, '2024-11-10 22:27:48', NULL),
(19753, 'GS2', 0.68, 0, 0, 0, NULL, 0, NULL, '2024-11-10 22:27:48', NULL),
(19754, 'GS1', 1.37, 0, 0, 0, NULL, 0, NULL, '2024-11-10 22:27:51', NULL),
(19755, 'GS2', 0.67, 0, 0, 0, NULL, 0, NULL, '2024-11-10 22:27:51', NULL),
(19756, 'GS1', 1.39, 0, 0, 0, NULL, 0, NULL, '2024-11-10 22:27:54', NULL),
(19757, 'GS2', 0.67, 0, 0, 0, NULL, 0, NULL, '2024-11-10 22:27:55', NULL),
(19758, 'GS1', 1.39, 0, 0, 0, NULL, 0, NULL, '2024-11-10 22:27:57', NULL),
(19759, 'GS2', 0.67, 0, 0, 0, NULL, 0, NULL, '2024-11-10 22:27:58', NULL),
(19760, 'GS1', 1.38, 0, 0, 0, NULL, 0, NULL, '2024-11-10 22:28:00', NULL),
(19761, 'GS2', 0.67, 0, 0, 0, NULL, 0, NULL, '2024-11-10 22:28:01', NULL),
(19762, 'GS1', 1.39, 0, 0, 0, NULL, 0, NULL, '2024-11-10 22:28:03', NULL),
(19763, 'GS2', 0.67, 0, 0, 0, NULL, 0, NULL, '2024-11-10 22:28:04', NULL),
(19764, 'GS1', 1.39, 0, 0, 0, NULL, 0, NULL, '2024-11-10 22:28:07', NULL),
(19765, 'GS2', 0.68, 0, 0, 0, NULL, 0, NULL, '2024-11-10 22:28:07', NULL),
(19766, 'GS1', 1.38, 0, 0, 0, NULL, 0, NULL, '2024-11-10 22:28:10', NULL),
(19767, 'GS2', 0.67, 0, 0, 0, NULL, 0, NULL, '2024-11-10 22:28:11', NULL),
(19768, 'GS1', 1.38, 0, 0, 0, NULL, 0, NULL, '2024-11-10 22:28:13', NULL),
(19769, 'GS2', 0.68, 0, 0, 0, NULL, 0, NULL, '2024-11-10 22:28:14', NULL),
(19770, 'GS1', 1.39, 0, 0, 0, NULL, 0, NULL, '2024-11-10 22:28:16', NULL),
(19771, 'GS2', 0.67, 0, 0, 0, NULL, 0, NULL, '2024-11-10 22:28:17', NULL),
(19772, 'GS1', 1.37, 0, 0, 0, NULL, 0, NULL, '2024-11-10 22:28:19', NULL),
(19773, 'GS2', 0.68, 0, 0, 0, NULL, 0, NULL, '2024-11-10 22:28:20', NULL),
(19774, 'GS1', 1.37, 0, 0, 0, NULL, 0, NULL, '2024-11-10 22:28:23', NULL),
(19775, 'GS2', 0.67, 0, 0, 0, NULL, 0, NULL, '2024-11-10 22:28:23', NULL),
(19776, 'GS1', 1.36, 0, 0, 0, NULL, 0, NULL, '2024-11-10 22:28:26', NULL),
(19777, 'GS2', 0.67, 0, 0, 0, NULL, 0, NULL, '2024-11-10 22:28:27', NULL),
(19778, 'GS1', 1.37, 0, 0, 0, NULL, 0, NULL, '2024-11-10 22:28:29', NULL),
(19779, 'GS2', 0.68, 0, 0, 0, NULL, 0, NULL, '2024-11-10 22:28:30', NULL),
(19780, 'GS1', 1.39, 0, 0, 0, NULL, 0, NULL, '2024-11-10 22:28:32', NULL),
(19781, 'GS2', 0.66, 0, 0, 0, NULL, 0, NULL, '2024-11-10 22:28:33', NULL),
(19782, 'GS1', 1.39, 0, 0, 0, NULL, 0, NULL, '2024-11-10 22:28:35', NULL),
(19783, 'GS2', 0.67, 0, 0, 0, NULL, 0, NULL, '2024-11-10 22:28:36', NULL),
(19784, 'GS1', 1.39, 0, 0, 0, NULL, 0, NULL, '2024-11-10 22:28:38', NULL),
(19785, 'GS2', 0.67, 0, 0, 0, NULL, 0, NULL, '2024-11-10 22:28:39', NULL),
(19786, 'GS1', 1.36, 0, 0, 0, NULL, 0, NULL, '2024-11-10 22:28:42', NULL),
(19787, 'GS2', 0.67, 0, 0, 0, NULL, 0, NULL, '2024-11-10 22:28:43', NULL),
(19788, 'GS1', 1.38, 0, 0, 0, NULL, 0, NULL, '2024-11-10 22:28:45', NULL),
(19789, 'GS2', 0.67, 0, 0, 0, NULL, 0, NULL, '2024-11-10 22:28:46', NULL),
(19790, 'GS1', 1.39, 0, 0, 0, NULL, 0, NULL, '2024-11-10 22:28:48', NULL),
(19791, 'GS2', 0.67, 0, 0, 0, NULL, 0, NULL, '2024-11-10 22:28:49', NULL),
(19792, 'GS1', 1.37, 0, 0, 0, NULL, 0, NULL, '2024-11-10 22:28:51', NULL),
(19793, 'GS2', 0.68, 0, 0, 0, NULL, 0, NULL, '2024-11-10 22:28:52', NULL),
(19794, 'GS1', 1.39, 0, 0, 0, NULL, 0, NULL, '2024-11-10 22:28:54', NULL),
(19795, 'GS2', 0.67, 0, 0, 0, NULL, 0, NULL, '2024-11-10 22:28:56', NULL),
(19796, 'GS1', 1.39, 0, 0, 0, NULL, 0, NULL, '2024-11-10 22:28:58', NULL),
(19797, 'GS2', 0.68, 0, 0, 0, NULL, 0, NULL, '2024-11-10 22:28:59', NULL),
(19798, 'GS1', 1.39, 0, 0, 0, NULL, 0, NULL, '2024-11-10 22:29:01', NULL),
(19799, 'GS2', 0.67, 0, 0, 0, NULL, 0, NULL, '2024-11-10 22:29:02', NULL),
(19800, 'GS1', 1.39, 0, 0, 0, NULL, 0, NULL, '2024-11-10 22:29:04', NULL),
(19801, 'GS2', 0.67, 0, 0, 0, NULL, 0, NULL, '2024-11-10 22:29:05', NULL),
(19802, 'GS1', 1.38, 0, 0, 0, NULL, 0, NULL, '2024-11-10 22:29:07', NULL),
(19803, 'GS2', 0.67, 0, 0, 0, NULL, 0, NULL, '2024-11-10 22:29:08', NULL),
(19804, 'GS1', 1.33, 0, 0, 0, NULL, 0, NULL, '2024-11-10 22:29:10', NULL),
(19805, 'GS2', 0.68, 0, 0, 0, NULL, 0, NULL, '2024-11-10 22:29:11', NULL),
(19806, 'GS1', 1.36, 0, 0, 0, NULL, 0, NULL, '2024-11-10 22:29:13', NULL),
(19807, 'GS2', 0.68, 0, 0, 0, NULL, 0, NULL, '2024-11-10 22:29:14', NULL),
(19808, 'GS1', 1.39, 0, 0, 0, NULL, 0, NULL, '2024-11-10 22:29:17', NULL),
(19809, 'GS2', 0.67, 0, 0, 0, NULL, 0, NULL, '2024-11-10 22:29:18', NULL),
(19810, 'GS1', 1.38, 0, 0, 0, NULL, 0, NULL, '2024-11-10 22:29:20', NULL),
(19811, 'GS2', 0.67, 0, 0, 0, NULL, 0, NULL, '2024-11-10 22:29:21', NULL),
(19812, 'GS1', 1.36, 0, 0, 0, NULL, 0, NULL, '2024-11-10 22:29:23', NULL),
(19813, 'GS2', 0.68, 0, 0, 0, NULL, 0, NULL, '2024-11-10 22:29:24', NULL),
(19814, 'GS1', 1.36, 0, 0, 0, NULL, 0, NULL, '2024-11-10 22:29:26', NULL),
(19815, 'GS2', 0.67, 0, 0, 0, NULL, 0, NULL, '2024-11-10 22:29:27', NULL),
(19816, 'GS1', 1.38, 0, 0, 0, NULL, 0, NULL, '2024-11-10 22:29:29', NULL),
(19817, 'GS2', 0.67, 0, 0, 0, NULL, 0, NULL, '2024-11-10 22:29:30', NULL),
(19818, 'GS1', 1.38, 0, 0, 0, NULL, 0, NULL, '2024-11-10 22:29:32', NULL),
(19819, 'GS2', 0.67, 0, 0, 0, NULL, 0, NULL, '2024-11-10 22:29:34', NULL),
(19820, 'GS1', 1.38, 0, 0, 0, NULL, 0, NULL, '2024-11-10 22:29:36', NULL),
(19821, 'GS2', 0.67, 0, 0, 0, NULL, 0, NULL, '2024-11-10 22:29:37', NULL),
(19822, 'GS1', 1.38, 0, 0, 0, NULL, 0, NULL, '2024-11-10 22:29:39', NULL),
(19823, 'GS2', 0.67, 0, 0, 0, NULL, 0, NULL, '2024-11-10 22:29:40', NULL),
(19824, 'GS1', 1.37, 0, 0, 0, NULL, 0, NULL, '2024-11-10 22:29:42', NULL),
(19825, 'GS2', 0.68, 0, 0, 0, NULL, 0, NULL, '2024-11-10 22:29:43', NULL),
(19826, 'GS1', 1.38, 0, 0, 0, NULL, 0, NULL, '2024-11-10 22:29:45', NULL);

-- --------------------------------------------------------

--
-- Table structure for table `thresholds`
--

CREATE TABLE `thresholds` (
  `thresholdID` int(11) NOT NULL,
  `deviceID` varchar(11) DEFAULT NULL,
  `smoke_threshold` float NOT NULL,
  `co_threshold` float NOT NULL,
  `lpg_threshold` float NOT NULL,
  `timestamp` timestamp NOT NULL DEFAULT current_timestamp()
) ENGINE=InnoDB DEFAULT CHARSET=utf8mb4 COLLATE=utf8mb4_general_ci;

--
-- Dumping data for table `thresholds`
--

INSERT INTO `thresholds` (`thresholdID`, `deviceID`, `smoke_threshold`, `co_threshold`, `lpg_threshold`, `timestamp`) VALUES
(1, 'GS1', 4.9, 4.9, 4.9, '2024-11-05 21:14:03'),
(2, 'GS2', 5, 4.9, 4.9, '2024-11-05 21:14:03');

-- --------------------------------------------------------

--
-- Table structure for table `user`
--

CREATE TABLE `user` (
  `userID` int(11) NOT NULL,
  `username` varchar(50) NOT NULL,
  `password` varchar(255) NOT NULL,
  `userrole` enum('admin','user','super_user','super_admin') NOT NULL,
  `type` enum('corporate','homeowner') NOT NULL,
  `name` varchar(100) NOT NULL,
  `email` varchar(100) NOT NULL,
  `phone` varchar(20) DEFAULT NULL,
  `address` varchar(255) DEFAULT NULL,
  `status` tinyint(1) DEFAULT 0,
  `login_attempt` int(11) DEFAULT 0,
  `lockout_until` timestamp NULL DEFAULT NULL,
  `timestamp` timestamp NOT NULL DEFAULT current_timestamp()
) ENGINE=InnoDB DEFAULT CHARSET=utf8mb4 COLLATE=utf8mb4_general_ci;

--
-- Dumping data for table `user`
--

INSERT INTO `user` (`userID`, `username`, `password`, `userrole`, `type`, `name`, `email`, `phone`, `address`, `status`, `login_attempt`, `lockout_until`, `timestamp`) VALUES
(1, 'admin', '$2y$10$ws79HXJGsifxhi2/4OWVYe3I0uCDwZ5xX9uCBbMeLRnRjRNkD3h/e', 'admin', 'corporate', 'Admin User', 'admin@example.com', '123-456-7890', '123 Admin St, City', 0, 0, NULL, '2024-11-05 19:21:00'),
(2, 'user', '$2y$10$ws79HXJGsifxhi2/4OWVYe3I0uCDwZ5xX9uCBbMeLRnRjRNkD3h/e', 'user', 'homeowner', 'Regular User', 'user@example.com', '234-567-8901', '456 User Rd, City', 0, 0, NULL, '2024-11-05 19:21:00'),
(3, 'super_user', '$2y$10$ws79HXJGsifxhi2/4OWVYe3I0uCDwZ5xX9uCBbMeLRnRjRNkD3h/e', 'super_user', 'corporate', 'Super User', 'super_user@example.com', '345-678-9012', '789 Super Ln, City', 0, 0, NULL, '2024-11-05 19:21:00'),
(4, 'super_admin', '$2y$10$ws79HXJGsifxhi2/4OWVYe3I0uCDwZ5xX9uCBbMeLRnRjRNkD3h/e', 'super_admin', 'corporate', 'Super Admin', 'super_admin@example.com', '456-789-0123', '101 Super Admin Ave, City', 0, 0, NULL, '2024-11-05 19:21:00'),
(7, 'earl', '$2y$10$cPPcJrYqxueU7xHeZv2yP.AXkTLVx0wZlFh2z25HXpMHyEJkuLU9i', 'admin', 'corporate', 'earl', 'earl@mail.com', '123', '123', 0, 0, NULL, '2024-11-06 16:01:42'),
(10, '1earl', '$2y$10$YtscZ28wgyy5fh4SQFWm4uqthvd0DkHcEqJIohGdfOxf88wkl.KN6', 'user', 'corporate', '1earl', '1earl@mail.com', '123412', '12321312', 0, 0, NULL, '2024-11-06 16:16:43');

--
-- Indexes for dumped tables
--

--
-- Indexes for table `alert`
--
ALTER TABLE `alert`
  ADD PRIMARY KEY (`alertID`),
  ADD KEY `deviceID` (`deviceID`),
  ADD KEY `readingID` (`readingID`);

--
-- Indexes for table `device`
--
ALTER TABLE `device`
  ADD PRIMARY KEY (`deviceID`),
  ADD KEY `userID` (`userID`);

--
-- Indexes for table `sensor_reading`
--
ALTER TABLE `sensor_reading`
  ADD PRIMARY KEY (`readingID`),
  ADD KEY `deviceID` (`deviceID`),
  ADD KEY `actionby` (`actionby`);

--
-- Indexes for table `thresholds`
--
ALTER TABLE `thresholds`
  ADD PRIMARY KEY (`thresholdID`),
  ADD KEY `deviceID` (`deviceID`);

--
-- Indexes for table `user`
--
ALTER TABLE `user`
  ADD PRIMARY KEY (`userID`);

--
-- AUTO_INCREMENT for dumped tables
--

--
-- AUTO_INCREMENT for table `alert`
--
ALTER TABLE `alert`
  MODIFY `alertID` int(11) NOT NULL AUTO_INCREMENT, AUTO_INCREMENT=8;

--
-- AUTO_INCREMENT for table `sensor_reading`
--
ALTER TABLE `sensor_reading`
  MODIFY `readingID` int(11) NOT NULL AUTO_INCREMENT, AUTO_INCREMENT=19827;

--
-- AUTO_INCREMENT for table `thresholds`
--
ALTER TABLE `thresholds`
  MODIFY `thresholdID` int(11) NOT NULL AUTO_INCREMENT, AUTO_INCREMENT=3;

--
-- AUTO_INCREMENT for table `user`
--
ALTER TABLE `user`
  MODIFY `userID` int(11) NOT NULL AUTO_INCREMENT, AUTO_INCREMENT=11;

--
-- Constraints for dumped tables
--

--
-- Constraints for table `alert`
--
ALTER TABLE `alert`
  ADD CONSTRAINT `alert_ibfk_1` FOREIGN KEY (`deviceID`) REFERENCES `device` (`deviceID`) ON DELETE CASCADE,
  ADD CONSTRAINT `alert_ibfk_2` FOREIGN KEY (`readingID`) REFERENCES `sensor_reading` (`readingID`) ON DELETE CASCADE;

--
-- Constraints for table `device`
--
ALTER TABLE `device`
  ADD CONSTRAINT `device_ibfk_1` FOREIGN KEY (`userID`) REFERENCES `user` (`userID`) ON DELETE SET NULL;

--
-- Constraints for table `sensor_reading`
--
ALTER TABLE `sensor_reading`
  ADD CONSTRAINT `sensor_reading_ibfk_1` FOREIGN KEY (`deviceID`) REFERENCES `device` (`deviceID`) ON DELETE CASCADE,
  ADD CONSTRAINT `sensor_reading_ibfk_2` FOREIGN KEY (`actionby`) REFERENCES `user` (`userID`) ON DELETE SET NULL;

--
-- Constraints for table `thresholds`
--
ALTER TABLE `thresholds`
  ADD CONSTRAINT `thresholds_ibfk_1` FOREIGN KEY (`deviceID`) REFERENCES `device` (`deviceID`) ON DELETE CASCADE;

DELIMITER $$
--
-- Events
--
CREATE DEFINER=`root`@`localhost` EVENT `populate_alert_table` ON SCHEDULE EVERY 5 SECOND STARTS '2024-11-10 17:29:06' ON COMPLETION NOT PRESERVE ENABLE DO BEGIN
    -- Insert alert for smoke detection
    INSERT INTO alert (deviceID, readingID, email, gastype, gaslevel, thresholdlevel, timestamp, status)
    SELECT sr.deviceID, sr.readingID, u.email, 'smoke' AS gastype, sr.ppm, t.smoke_threshold, NOW(), 1
    FROM sensor_reading sr
    JOIN thresholds t ON sr.deviceID = t.deviceID
    JOIN user u ON u.status = 0
    WHERE sr.smoke_status = 1
      AND NOT EXISTS (
          SELECT 1 FROM alert a
          WHERE a.readingID = sr.readingID AND a.gastype = 'smoke'
          AND TIMESTAMPDIFF(SECOND, a.timestamp, sr.timestamp) < 120
      );

    -- Insert alert for CO detection
    INSERT INTO alert (deviceID, readingID, email, gastype, gaslevel, thresholdlevel, timestamp, status)
    SELECT sr.deviceID, sr.readingID, u.email, 'co' AS gastype, sr.ppm, t.co_threshold, NOW(), 1
    FROM sensor_reading sr
    JOIN thresholds t ON sr.deviceID = t.deviceID
    JOIN user u ON u.status = 0
    WHERE sr.co_status = 1
      AND NOT EXISTS (
          SELECT 1 FROM alert a
          WHERE a.readingID = sr.readingID AND a.gastype = 'co'
          AND TIMESTAMPDIFF(SECOND, a.timestamp, sr.timestamp) < 120
      );

    -- Insert alert for LPG detection
    INSERT INTO alert (deviceID, readingID, email, gastype, gaslevel, thresholdlevel, timestamp, status)
    SELECT sr.deviceID, sr.readingID, u.email, 'lpg' AS gastype, sr.ppm, t.lpg_threshold, NOW(), 1
    FROM sensor_reading sr
    JOIN thresholds t ON sr.deviceID = t.deviceID
    JOIN user u ON u.status = 0
    WHERE sr.lpg_status = 1
      AND NOT EXISTS (
          SELECT 1 FROM alert a
          WHERE a.readingID = sr.readingID AND a.gastype = 'lpg'
          AND TIMESTAMPDIFF(SECOND, a.timestamp, sr.timestamp) < 120
      );
END$$

CREATE DEFINER=`root`@`localhost` EVENT `update_device_status` ON SCHEDULE EVERY 1 SECOND STARTS '2024-11-10 17:01:14' ON COMPLETION NOT PRESERVE ENABLE DO BEGIN
    -- Update the status of devices to 0 if no reading has been recorded in the last 10 seconds
    UPDATE device d
    SET status = 0
    WHERE d.status = 1 AND NOT EXISTS (
        SELECT 1
        FROM sensor_reading sr
        WHERE sr.deviceID = d.deviceID
        AND sr.timestamp > NOW() - INTERVAL 5 SECOND
    );

    -- Update the status of devices to 1 if there is a recent reading
    UPDATE device d
    SET status = 1
    WHERE d.status = 0 AND EXISTS (
        SELECT 1
        FROM sensor_reading sr
        WHERE sr.deviceID = d.deviceID
        AND sr.timestamp > NOW() - INTERVAL 5 SECOND
    );
END$$

DELIMITER ;
COMMIT;

/*!40101 SET CHARACTER_SET_CLIENT=@OLD_CHARACTER_SET_CLIENT */;
/*!40101 SET CHARACTER_SET_RESULTS=@OLD_CHARACTER_SET_RESULTS */;
/*!40101 SET COLLATION_CONNECTION=@OLD_COLLATION_CONNECTION */;
